index,performer,raga,svara,start,end,cluster
0,sreevidya,saveri,S,2.046,2.696,3
4,vignesh,abhogi,S,3.596,4.324,3
3,vignesh,sri,R,4.02,4.464,3
5,vignesh,abhogi,S,4.324,4.689,3
8,prasanna,kalyani,N,4.369,4.725,3
6,vignesh,sri,S,5.351,5.795,3
8,vignesh,abhogi,S,5.418,5.782,3
11,prasanna,kalyani,P,5.438,5.794,3
12,prasanna,saveri,R,8.106,8.437,2
14,sreevidya,abhogi,S,8.96,9.358,3
5,badrinarayanan,mohanam,R,9.273,9.698,1
12,sreevidya,saveri,R,9.337,9.742,2
12,vignesh,kalyani,M,9.366,9.834,2
14,sreevidya,sahana,N,9.454,9.814,1
21,prasanna,kalyani,N,9.492,9.867,3
13,sreevidya,saveri,S,9.742,10.127,3
13,vignesh,kalyani,G,9.834,10.361,3
22,prasanna,kalyani,D,9.867,10.243,3
11,dharini,saveri,S,10.348,10.7,3
11,dharini,mohanam,S,10.4,10.73,3
18,prasanna,saveri,R,10.426,10.758,2
24,prasanna,kalyani,M,10.619,10.994,2
12,dharini,saveri,R,10.7,11.054,2
14,dharini,sahana,N,11.294,11.664,1
15,dharini,mohanam,S,11.772,12.134,3
21,sreevidya,sahana,N,11.912,12.248,2
28,prasanna,kalyani,D,12.121,12.496,2
25,sreevidya,begada,P,12.123,12.796,2
3,ramakrishnamurthy,mohanam,S,12.306,12.676,3
17,dharini,mohanam,S,12.494,12.836,3
7,ramakrishnamurthy,abhogi,S,12.535,12.855,3
13,badrinarayanan,saveri,S,12.544,12.966,3
25,prasanna,saveri,R,12.747,13.078,2
18,dharini,saveri,R,13.072,13.428,2
15,badrinarayanan,mohanam,S,13.131,13.5,3
20,dharini,mohanam,R,13.586,13.996,1
8,prasanna,abhogi,S,13.895,14.261,3
21,dharini,saveri,S,14.136,14.49,3
0,ramakrishnamurthy,saveri,S,14.323,15.044,3
23,dharini,mohanam,G,14.808,15.194,3
11,ramakrishnamurthy,mohanam,S,15.143,15.508,3
24,dharini,mohanam,R,15.194,15.582,3
6,badrinarayanan,sri,S,15.255,15.709,3
25,dharini,saveri,R,15.504,15.814,2
24,vignesh,kalyani,M,15.724,16.192,2
22,badrinarayanan,mohanam,P,15.756,16.134,1
23,badrinarayanan,mohanam,G,16.134,16.521,3
25,vignesh,kalyani,G,16.192,16.66,3
28,dharini,sahana,R,16.21,16.564,3
21,badrinarayanan,saveri,S,16.351,16.772,3
36,prasanna,saveri,S,16.394,16.725,3
12,prasanna,mohanam,R,16.925,17.311,1
17,ramakrishnamurthy,mohanam,S,17.086,17.409,3
30,dharini,saveri,S,17.212,17.518,3
28,vignesh,kalyani,D,17.543,18.005,2
24,badrinarayanan,saveri,S,17.604,18.032,3
3,ramakrishnamurthy,sri,R,17.784,18.078,3
20,ramakrishnamurthy,mohanam,R,18.05,18.368,1
28,badrinarayanan,mohanam,P,18.059,18.464,1
6,ramakrishnamurthy,sri,S,18.798,19.129,3
17,prasanna,mohanam,S,18.857,19.244,3
35,dharini,sahana,P,18.894,19.234,1
23,ramakrishnamurthy,mohanam,G,19.017,19.343,3
9,ramakrishnamurthy,saveri,R,19.725,20.092,2
10,ramakrishnamurthy,saveri,S,20.092,20.753,3
27,badrinarayanan,kalyani,P,20.708,21.135,1
12,ramakrishnamurthy,saveri,R,21.08,21.407,2
37,badrinarayanan,mohanam,S,21.539,21.898,3
34,badrinarayanan,saveri,G,21.913,22.32,2
39,badrinarayanan,mohanam,S,22.257,22.629,3
19,badrinarayanan,sri,S,23.263,23.686,1
14,ramakrishnamurthy,sri,N,23.339,23.648,2
14,prasanna,begada,N,24.282,24.647,1
21,ramakrishnamurthy,saveri,S,24.501,24.85,3
43,vignesh,kalyani,D,24.655,25.127,3
41,badrinarayanan,saveri,P,24.85,25.275,1
63,prasanna,saveri,P,25.331,25.656,1
42,badrinarayanan,kalyani,N,26.881,27.291,3
39,prasanna,kalyani,N,26.887,27.244,3
42,prasanna,kalyani,N,27.957,28.314,3
20,sreevidya,saveri,G,28.608,29.042,3
57,badrinarayanan,mohanam,G,29.011,29.378,3
10,ramakrishnamurthy,sahana,R,29.436,29.808,1
12,ramakrishnamurthy,sahana,R,30.181,30.538,3
78,prasanna,saveri,P,30.484,30.803,1
13,ramakrishnamurthy,sahana,S,30.538,30.895,1
51,vignesh,kalyani,M,30.828,31.302,2
14,ramakrishnamurthy,sahana,N,30.895,31.258,1
3,ramakrishnamurthy,kalyani,N,31.104,31.462,3
52,vignesh,kalyani,G,31.302,31.777,3
5,ramakrishnamurthy,kalyani,D,31.82,32.154,1
19,vignesh,begada,P,32.383,33.36,2
50,prasanna,kalyani,P,32.419,32.756,3
55,vignesh,kalyani,D,32.719,33.166,2
51,prasanna,kalyani,M,32.756,33.093,2
40,dharini,mohanam,R,32.896,33.28,1
45,dharini,abhogi,D,34.208,34.54,3
20,prasanna,mohanam,G,34.448,34.798,3
21,prasanna,mohanam,G,34.798,35.149,1
59,vignesh,kalyani,G,35.05,35.535,3
85,sreevidya,sahana,D,35.351,35.698,3
59,prasanna,kalyani,G,35.815,36.16,3
17,ramakrishnamurthy,kalyani,N,36.109,36.432,3
25,vignesh,begada,D,36.292,36.78,3
24,ramakrishnamurthy,saveri,S,36.482,36.817,3
73,sreevidya,abhogi,D,36.66,37.038,3
51,dharini,mohanam,D,36.926,37.298,3
52,dharini,mohanam,D,37.298,37.668,2
53,dharini,mohanam,P,37.668,38.01,3
28,vignesh,begada,N,37.757,38.246,3
37,ramakrishnamurthy,mohanam,S,37.819,38.139,3
28,ramakrishnamurthy,saveri,G,37.846,38.182,3
27,ramakrishnamurthy,sri,P,38.223,38.559,3
90,sreevidya,begada,P,38.23,38.551,1
31,prasanna,mohanam,R,38.307,38.657,1
39,ramakrishnamurthy,mohanam,S,38.459,38.794,3
65,prasanna,kalyani,M,38.576,38.921,2
66,prasanna,kalyani,G,38.921,39.266,3
65,vignesh,kalyani,M,38.95,39.411,2
40,sreevidya,saveri,S,39.37,39.778,3
66,vignesh,kalyani,G,39.411,39.892,3
36,prasanna,mohanam,G,40.132,40.518,3
37,prasanna,mohanam,P,40.518,40.905,1
36,ramakrishnamurthy,saveri,S,40.665,41.006,3
105,prasanna,saveri,G,40.855,41.168,3
38,prasanna,mohanam,D,40.905,41.291,2
37,ramakrishnamurthy,saveri,D,41.006,41.348,1
47,ramakrishnamurthy,mohanam,D,41.08,41.409,2
39,prasanna,mohanam,P,41.291,41.678,3
25,prasanna,begada,P,41.318,42.049,2
107,prasanna,saveri,S,41.481,41.794,3
55,vignesh,abhogi,R,41.494,41.876,3
101,sreevidya,sahana,S,41.746,42.081,2
71,vignesh,kalyani,R,41.873,42.385,1
102,sreevidya,sahana,D,42.081,42.733,3
41,ramakrishnamurthy,saveri,P,42.368,42.705,1
42,prasanna,mohanam,D,42.451,42.837,1
32,prasanna,begada,P,44.608,44.973,3
51,ramakrishnamurthy,saveri,G,46.065,46.417,3
83,badrinarayanan,kalyani,D,47.342,47.745,2
80,vignesh,kalyani,D,47.75,48.207,3
40,prasanna,begada,P,47.981,48.347,3
56,dharini,abhogi,D,49.512,49.862,3
105,badrinarayanan,mohanam,P,50.101,50.473,3
121,sreevidya,begada,N,50.948,51.251,3
66,dharini,saveri,G,51.78,52.112,3
124,sreevidya,begada,P,51.877,52.173,3
48,prasanna,begada,M,52.368,52.733,1
50,ramakrishnamurthy,abhogi,D,52.542,52.873,3
63,dharini,abhogi,R,52.61,52.964,3
100,badrinarayanan,saveri,N,52.882,53.286,3
34,prasanna,abhogi,D,53.415,53.745,3
66,dharini,abhogi,R,53.658,54.004,3
72,dharini,saveri,N,53.838,54.202,3
39,ramakrishnamurthy,kalyani,D,53.949,54.271,3
107,prasanna,kalyani,P,54.395,54.74,3
72,dharini,sahana,P,54.47,54.8,1
41,ramakrishnamurthy,kalyani,D,54.584,54.896,3
109,prasanna,kalyani,G,55.085,55.43,3
75,dharini,sahana,R,55.468,55.804,1
64,dharini,mohanam,P,55.596,55.946,1
96,vignesh,kalyani,D,56.027,56.518,3
60,ramakrishnamurthy,abhogi,R,56.666,57.015,3
98,vignesh,kalyani,D,57.009,57.495,3
75,dharini,abhogi,G,57.148,57.494,2
62,ramakrishnamurthy,abhogi,S,57.364,57.695,1
71,dharini,mohanam,D,58.558,58.94,3
111,badrinarayanan,kalyani,P,58.843,59.244,1
102,vignesh,kalyani,N,58.866,59.336,3
54,ramakrishnamurthy,mohanam,P,59.451,59.773,1
51,prasanna,mohanam,P,60.087,60.437,1
115,badrinarayanan,saveri,S,60.296,60.695,3
104,vignesh,abhogi,R,61.061,61.773,3
56,ramakrishnamurthy,sri,M,61.219,61.855,3
126,prasanna,kalyani,G,61.644,61.989,3
57,ramakrishnamurthy,sri,R,61.855,62.162,3
61,ramakrishnamurthy,mohanam,D,62.133,62.494,1
81,dharini,mohanam,G,62.222,62.576,3
60,ramakrishnamurthy,sri,S,62.796,63.113,3
83,dharini,mohanam,S,62.932,63.288,1
58,prasanna,mohanam,D,62.961,63.348,1
112,vignesh,kalyani,D,63.547,64.032,2
72,ramakrishnamurthy,saveri,N,63.903,64.254,3
87,dharini,mohanam,P,64.402,64.782,1
133,prasanna,kalyani,D,64.427,65.125,2
125,badrinarayanan,kalyani,M,65.059,65.442,2
89,dharini,mohanam,D,65.162,65.558,2
71,ramakrishnamurthy,mohanam,G,65.483,65.803,3
162,sreevidya,sahana,S,65.563,65.892,3
64,ramakrishnamurthy,sri,R,65.603,65.914,3
127,badrinarayanan,saveri,G,66.067,66.466,2
74,ramakrishnamurthy,mohanam,R,66.449,66.775,1
43,vignesh,begada,P,66.48,66.948,1
129,badrinarayanan,saveri,G,66.897,67.328,2
145,sreevidya,abhogi,D,67.584,67.95,3
46,vignesh,begada,D,67.886,68.355,2
52,prasanna,begada,P,68.132,68.497,2
132,badrinarayanan,kalyani,M,68.164,68.549,2
47,vignesh,begada,P,68.355,68.824,3
100,dharini,mohanam,D,69.646,70.022,3
125,vignesh,kalyani,M,70.795,71.309,2
126,vignesh,kalyani,G,71.309,71.768,3
110,dharini,mohanam,G,73.934,74.254,3
160,sreevidya,abhogi,D,74.219,74.598,1
111,dharini,mohanam,R,74.254,74.572,3
158,prasanna,kalyani,N,74.639,74.984,3
96,dharini,saveri,N,74.712,75.048,3
162,prasanna,kalyani,G,76.365,76.71,3
100,dharini,saveri,N,76.418,76.766,3
62,prasanna,begada,P,76.425,76.785,1
136,vignesh,kalyani,D,76.925,77.41,1
40,vignesh,sri,R,77.999,78.443,3
43,vignesh,sri,S,79.33,79.774,3
149,vignesh,abhogi,D,79.608,79.964,1
63,prasanna,mohanam,P,80.002,80.346,1
64,prasanna,mohanam,P,80.346,80.69,1
66,prasanna,mohanam,P,81.035,81.379,3
75,prasanna,begada,P,81.828,82.188,2
77,ramakrishnamurthy,sri,S,81.852,82.527,2
201,prasanna,saveri,S,82.03,82.344,3
162,badrinarayanan,kalyani,G,82.074,82.461,3
43,ramakrishnamurthy,kalyani,M,82.568,82.892,2
96,ramakrishnamurthy,saveri,N,84.01,84.356,3
82,prasanna,begada,P,84.747,85.112,3
50,ramakrishnamurthy,kalyani,M,85.551,85.882,2
100,ramakrishnamurthy,saveri,N,85.677,86.002,3
51,ramakrishnamurthy,kalyani,G,85.882,86.18,3
100,ramakrishnamurthy,mohanam,G,86.596,86.905,3
90,ramakrishnamurthy,sri,R,86.756,87.069,3
87,sreevidya,saveri,N,87.22,87.616,3
107,ramakrishnamurthy,saveri,S,88.409,88.751,3
108,ramakrishnamurthy,saveri,S,88.751,89.449,3
30,ramakrishnamurthy,sahana,D,88.839,89.192,3
94,sreevidya,saveri,S,90.373,90.768,3
36,ramakrishnamurthy,sahana,S,91.337,91.728,2
65,ramakrishnamurthy,kalyani,D,91.5,91.833,3
111,dharini,saveri,S,91.51,92.142,3
162,vignesh,kalyani,G,91.521,92.018,3
66,ramakrishnamurthy,kalyani,N,91.833,92.156,3
63,vignesh,sri,P,92.58,93.019,3
231,sreevidya,begada,N,93.834,94.12,3
232,sreevidya,begada,D,94.12,94.414,3
115,dharini,abhogi,R,95.196,95.88,3
96,prasanna,begada,D,96.377,96.741,1
97,prasanna,begada,D,96.741,97.105,3
98,prasanna,begada,P,97.105,97.469,3
100,prasanna,begada,N,98.198,98.562,3
131,dharini,saveri,R,99.1,99.428,2
75,vignesh,begada,P,100.863,101.363,1
109,prasanna,begada,P,101.77,102.12,3
81,prasanna,mohanam,R,103.247,103.948,1
69,ramakrishnamurthy,kalyani,N,103.612,103.965,3
118,ramakrishnamurthy,mohanam,S,104.178,104.485,3
116,prasanna,begada,M,104.572,104.922,1
118,prasanna,begada,D,105.272,105.623,2
102,sreevidya,saveri,S,107.034,107.422,3
103,sreevidya,saveri,R,107.422,108.127,2
123,prasanna,begada,P,107.442,107.806,3
81,ramakrishnamurthy,kalyani,D,107.907,108.262,1
83,ramakrishnamurthy,kalyani,D,108.618,108.907,1
126,prasanna,begada,P,108.897,109.261,3
87,ramakrishnamurthy,kalyani,N,109.824,110.147,3
132,prasanna,begada,P,111.08,111.444,2
113,sreevidya,saveri,S,112.147,112.515,3
160,dharini,abhogi,D,113.046,113.38,3
108,ramakrishnamurthy,sri,N,113.78,114.094,1
111,ramakrishnamurthy,sri,N,114.794,115.103,2
172,dharini,saveri,N,115.198,115.55,3
114,ramakrishnamurthy,sri,S,116.112,116.42,3
142,prasanna,begada,M,116.175,116.539,1
143,prasanna,begada,P,116.539,116.903,1
184,sreevidya,sahana,P,117.853,118.193,1
163,dharini,sahana,R,124.608,124.95,1
89,vignesh,begada,D,125.459,125.936,2
171,badrinarayanan,mohanam,P,125.671,126.01,1
90,vignesh,begada,P,125.936,126.413,3
172,badrinarayanan,mohanam,G,126.01,126.363,3
104,ramakrishnamurthy,kalyani,D,126.631,126.945,1
205,dharini,saveri,G,127.696,128.026,3
175,sreevidya,abhogi,D,128.185,128.538,3
110,ramakrishnamurthy,kalyani,M,128.934,129.263,2
111,ramakrishnamurthy,kalyani,G,129.263,129.578,3
176,prasanna,begada,P,129.945,130.294,1
162,dharini,mohanam,G,130.204,130.542,1
117,ramakrishnamurthy,kalyani,M,131.574,131.898,2
159,sreevidya,saveri,N,132.507,132.897,3
186,badrinarayanan,mohanam,D,132.628,133.016,2
74,vignesh,sri,R,133.002,133.46,3
219,dharini,saveri,G,133.05,133.364,3
121,ramakrishnamurthy,kalyani,D,133.263,133.597,1
165,sreevidya,saveri,N,135.208,135.614,3
81,vignesh,sri,N,136.207,136.665,1
170,vignesh,abhogi,D,136.902,137.303,3
193,prasanna,begada,P,137.273,137.621,1
171,sreevidya,saveri,N,138.246,138.619,3
197,prasanna,begada,P,138.668,139.017,1
150,ramakrishnamurthy,sri,R,139.112,139.423,3
199,prasanna,begada,P,139.365,139.714,3
177,vignesh,abhogi,S,140.104,140.504,1
217,sreevidya,sahana,D,141.716,142.355,3
206,prasanna,begada,D,142.537,142.889,3
184,sreevidya,saveri,N,143.564,143.94,3
188,sreevidya,saveri,N,145.036,145.413,3
129,vignesh,begada,D,148.138,148.633,2
198,sreevidya,saveri,N,149.687,150.054,3
242,sreevidya,sahana,R,151.997,152.331,1
171,prasanna,kalyani,M,152.712,153.403,2
172,prasanna,kalyani,G,153.403,154.093,3
143,vignesh,begada,P,156.131,156.63,1
176,prasanna,kalyani,G,156.165,156.856,3
172,vignesh,kalyani,D,157.969,158.379,1
173,vignesh,kalyani,S,158.379,158.848,2
209,sreevidya,abhogi,D,160.241,160.598,3
177,vignesh,kalyani,M,160.263,160.737,2
181,vignesh,kalyani,M,165.029,165.529,2
145,ramakrishnamurthy,saveri,N,166.775,167.096,3
226,sreevidya,abhogi,S,166.956,167.326,1
187,prasanna,kalyani,G,168.682,169.023,3
170,vignesh,begada,N,172.068,172.525,1
171,dharini,abhogi,D,172.594,172.92,3
178,dharini,abhogi,D,175.252,175.574,3
195,prasanna,kalyani,G,177.704,178.057,3
71,vignesh,sahana,R,177.785,178.28,3
202,vignesh,abhogi,D,178.254,178.623,2
232,badrinarayanan,saveri,G,179.871,180.256,2
118,prasanna,mohanam,G,180.926,181.296,3
212,badrinarayanan,kalyani,N,181.54,181.945,3
163,ramakrishnamurthy,abhogi,D,181.768,182.093,3
294,sreevidya,sahana,R,183.108,183.432,2
214,vignesh,abhogi,D,184.169,184.545,3
168,ramakrishnamurthy,abhogi,D,184.556,184.892,3
299,sreevidya,sahana,S,184.639,184.929,3
191,vignesh,kalyani,P,184.955,186.718,1
212,prasanna,kalyani,G,186.111,186.445,3
254,prasanna,saveri,S,186.323,186.648,3
219,vignesh,abhogi,G,186.421,186.797,2
192,vignesh,kalyani,M,186.718,187.659,2
221,badrinarayanan,sri,R,187.38,187.765,1
176,ramakrishnamurthy,abhogi,D,187.621,187.968,3
258,prasanna,saveri,S,188.203,188.51,3
224,vignesh,abhogi,S,188.298,188.674,1
229,badrinarayanan,kalyani,S,189.657,190.042,3
185,ramakrishnamurthy,abhogi,S,191.01,191.367,1
234,vignesh,abhogi,G,192.272,192.628,2
330,sreevidya,sahana,D,194.276,194.561,3
333,sreevidya,sahana,D,195.17,195.478,3
274,badrinarayanan,mohanam,G,196.304,196.659,3
159,ramakrishnamurthy,sri,S,197.571,197.865,2
270,sreevidya,begada,D,197.639,197.925,3
170,dharini,mohanam,G,199.296,199.642,1
177,dharini,sahana,M,200.09,200.422,3
229,dharini,saveri,N,200.414,200.74,3
174,dharini,mohanam,P,200.734,201.068,1
180,dharini,sahana,R,201.096,201.438,3
233,dharini,saveri,G,201.692,202.02,3
183,dharini,sahana,P,202.15,202.484,1
170,ramakrishnamurthy,sri,N,202.622,202.915,2
177,dharini,mohanam,G,202.762,203.086,3
178,ramakrishnamurthy,sri,P,205.116,205.427,1
188,dharini,mohanam,G,206.814,207.17,1
289,sreevidya,begada,S,207.12,207.767,3
190,dharini,mohanam,S,207.526,207.872,1
268,badrinarayanan,saveri,G,208.955,209.347,2
125,ramakrishnamurthy,kalyani,D,210.073,210.385,1
209,vignesh,kalyani,G,210.28,210.72,3
149,ramakrishnamurthy,mohanam,P,211.521,211.853,1
244,badrinarayanan,kalyani,S,211.539,211.914,2
212,vignesh,kalyani,S,211.611,212.049,3
130,ramakrishnamurthy,kalyani,M,211.693,212.021,2
248,badrinarayanan,kalyani,M,213.066,213.445,2
249,badrinarayanan,kalyani,G,213.445,213.824,3
214,sreevidya,saveri,P,214.664,215.028,1
217,sreevidya,saveri,N,216.019,216.405,3
141,ramakrishnamurthy,kalyani,D,217.172,217.498,3
163,ramakrishnamurthy,mohanam,G,217.383,217.702,3
220,vignesh,kalyani,D,217.638,218.13,3
313,prasanna,saveri,S,217.816,218.11,3
221,vignesh,kalyani,S,218.13,218.605,2
223,sreevidya,saveri,S,218.244,218.599,3
268,vignesh,abhogi,D,218.563,218.92,3
223,dharini,abhogi,D,218.876,219.24,3
199,ramakrishnamurthy,abhogi,D,219.042,219.349,3
259,badrinarayanan,kalyani,D,219.418,219.805,1
225,vignesh,kalyani,M,220.037,220.44,2
203,ramakrishnamurthy,abhogi,D,220.63,220.961,1
273,vignesh,abhogi,G,220.701,221.058,2
292,badrinarayanan,saveri,S,221.013,221.441,3
323,prasanna,saveri,P,221.052,221.347,2
275,vignesh,abhogi,S,221.414,221.77,1
230,dharini,abhogi,S,221.76,222.118,1
278,vignesh,abhogi,S,222.483,222.84,1
233,dharini,abhogi,S,222.836,223.198,1
211,ramakrishnamurthy,abhogi,D,223.93,224.26,3
249,prasanna,kalyani,G,224.976,225.31,3
231,vignesh,kalyani,D,225.649,226.103,2
324,sreevidya,abhogi,D,225.881,226.222,3
214,ramakrishnamurthy,abhogi,D,225.919,226.229,1
340,prasanna,saveri,S,226.358,226.658,3
216,ramakrishnamurthy,abhogi,D,226.538,226.875,3
243,dharini,abhogi,G,226.562,226.882,2
234,vignesh,kalyani,D,226.996,227.435,2
343,prasanna,saveri,S,227.258,227.558,3
274,badrinarayanan,kalyani,D,227.719,228.076,2
221,ramakrishnamurthy,abhogi,D,228.453,228.791,3
224,ramakrishnamurthy,abhogi,D,229.439,229.749,3
282,badrinarayanan,kalyani,M,230.682,231.06,2
284,badrinarayanan,kalyani,M,231.439,231.817,2
358,prasanna,saveri,P,231.72,232.021,1
306,vignesh,abhogi,D,232.609,232.972,3
151,prasanna,abhogi,D,233.821,234.148,3
365,prasanna,saveri,N,233.823,234.123,3
246,vignesh,kalyani,M,233.936,234.395,2
117,vignesh,sahana,R,234.192,234.652,3
373,sreevidya,sahana,R,234.781,235.1,3
120,vignesh,sahana,P,235.572,236.031,1
131,prasanna,mohanam,P,237.132,237.488,2
132,prasanna,mohanam,G,237.488,237.845,3
339,badrinarayanan,mohanam,D,237.728,238.101,2
353,sreevidya,abhogi,D,238.251,238.608,3
130,vignesh,sri,R,238.728,239.166,3
136,prasanna,mohanam,P,238.914,239.271,1
384,prasanna,saveri,N,239.568,239.868,3
140,prasanna,mohanam,G,241.397,241.741,1
154,ramakrishnamurthy,saveri,P,241.689,242.017,1
284,dharini,saveri,N,242.004,242.354,3
144,prasanna,mohanam,G,243.117,243.461,3
217,dharini,mohanam,G,243.172,243.514,1
288,dharini,saveri,G,243.392,243.722,3
145,prasanna,mohanam,G,243.461,243.805,1
137,vignesh,sri,N,243.621,244.072,2
354,badrinarayanan,mohanam,D,243.64,243.997,1
221,ramakrishnamurthy,sri,N,244.166,244.499,2
401,sreevidya,sahana,R,244.292,244.943,1
291,dharini,saveri,D,244.378,244.702,1
148,prasanna,mohanam,G,244.493,244.837,3
221,dharini,mohanam,P,244.558,244.894,1
162,ramakrishnamurthy,saveri,R,244.732,245.034,2
163,ramakrishnamurthy,saveri,S,245.034,245.361,3
225,dharini,sahana,R,245.064,245.404,3
150,prasanna,mohanam,G,245.181,245.525,3
228,dharini,sahana,P,246.096,246.444,1
170,ramakrishnamurthy,saveri,P,248.01,248.659,1
144,vignesh,sahana,R,248.279,248.712,1
172,ramakrishnamurthy,mohanam,G,248.56,248.87,3
159,prasanna,mohanam,S,248.583,248.921,3
229,dharini,mohanam,G,248.76,249.088,3
175,ramakrishnamurthy,mohanam,R,249.487,249.795,1
271,sreevidya,saveri,N,249.757,250.133,3
235,dharini,mohanam,G,250.768,251.114,1
384,sreevidya,abhogi,D,251.136,251.43,3
237,dharini,mohanam,S,251.46,251.804,1
277,sreevidya,saveri,S,251.94,252.29,3
182,ramakrishnamurthy,mohanam,R,252.223,252.544,1
151,vignesh,sri,M,253.529,254.88,3
173,prasanna,mohanam,G,253.987,254.324,3
283,dharini,abhogi,S,254.122,254.476,1
264,ramakrishnamurthy,abhogi,D,255.056,255.376,3
286,dharini,abhogi,S,255.16,255.49,1
179,prasanna,mohanam,P,256.35,256.688,3
232,ramakrishnamurthy,sri,R,256.506,256.826,3
180,prasanna,mohanam,G,256.688,257.026,3
267,ramakrishnamurthy,abhogi,D,257.001,257.326,1
195,ramakrishnamurthy,mohanam,G,257.239,257.546,3
314,vignesh,abhogi,D,257.427,257.783,2
269,ramakrishnamurthy,abhogi,D,257.652,257.97,3
438,sreevidya,sahana,N,257.897,258.199,3
291,sreevidya,saveri,P,257.977,258.332,1
442,sreevidya,sahana,S,259.115,259.401,2
274,ramakrishnamurthy,abhogi,D,259.613,259.946,3
258,dharini,mohanam,G,259.69,260.019,1
202,ramakrishnamurthy,mohanam,G,259.907,260.239,3
319,vignesh,abhogi,D,260.281,260.637,3
304,dharini,abhogi,S,261.278,261.608,1
404,prasanna,saveri,R,261.754,262.061,2
265,dharini,mohanam,G,262.476,262.788,1
265,vignesh,kalyani,P,262.625,263.135,3
161,vignesh,sri,S,262.638,263.972,2
326,vignesh,abhogi,D,263.122,263.472,1
266,vignesh,kalyani,M,263.135,263.582,2
305,sreevidya,saveri,S,263.205,263.565,3
314,dharini,abhogi,D,264.552,264.886,3
204,prasanna,abhogi,D,264.713,265.035,3
316,dharini,abhogi,G,265.25,265.616,2
367,badrinarayanan,saveri,G,267.177,267.558,2
270,vignesh,kalyani,M,267.692,268.165,2
271,vignesh,kalyani,P,268.165,268.638,1
253,prasanna,begada,N,268.561,268.884,1
272,vignesh,kalyani,D,268.638,269.12,2
423,prasanna,saveri,S,269.328,269.628,3
186,prasanna,mohanam,G,269.853,270.184,3
275,vignesh,kalyani,D,270.039,270.477,2
348,vignesh,abhogi,D,272.253,272.578,3
340,dharini,saveri,N,272.946,273.264,3
307,sreevidya,begada,P,273.126,273.458,1
323,badrinarayanan,kalyani,M,273.242,273.622,2
194,prasanna,mohanam,G,273.506,273.843,1
196,prasanna,mohanam,D,274.181,274.519,2
434,prasanna,saveri,P,274.22,274.526,1
344,dharini,saveri,G,274.221,274.553,1
212,ramakrishnamurthy,mohanam,P,274.383,274.704,1
197,prasanna,mohanam,P,274.519,275.195,3
358,vignesh,abhogi,D,276.667,277.011,3
204,prasanna,mohanam,G,277.221,277.559,1
275,dharini,mohanam,P,277.316,277.622,1
394,badrinarayanan,saveri,S,277.801,278.211,2
286,prasanna,kalyani,D,277.844,278.178,3
259,ramakrishnamurthy,sri,S,278.489,278.799,3
277,dharini,sahana,P,279.674,280.006,1
291,prasanna,kalyani,P,279.787,280.105,3
173,vignesh,sahana,G,280.216,280.655,3
226,ramakrishnamurthy,mohanam,G,280.26,280.591,3
293,prasanna,kalyani,G,280.424,280.743,3
212,prasanna,mohanam,G,280.59,280.926,3
455,prasanna,saveri,N,281.336,281.654,3
323,sreevidya,saveri,P,281.651,282.014,1
283,dharini,sahana,G,281.714,282.036,3
181,vignesh,sri,R,281.953,282.397,3
326,sreevidya,saveri,N,283.005,283.348,3
289,dharini,mohanam,G,283.404,283.752,1
333,dharini,abhogi,D,283.466,283.824,3
234,ramakrishnamurthy,mohanam,G,283.777,284.096,3
370,dharini,saveri,G,283.882,284.208,3
235,ramakrishnamurthy,mohanam,R,284.096,284.415,3
291,dharini,mohanam,S,284.102,284.46,1
182,vignesh,sahana,R,284.164,284.603,3
221,prasanna,mohanam,R,284.602,284.927,1
292,dharini,sahana,R,284.718,285.062,3
332,sreevidya,saveri,S,285.031,285.346,3
296,dharini,sahana,R,286.106,286.45,1
321,ramakrishnamurthy,abhogi,D,286.201,286.514,3
340,dharini,abhogi,S,286.388,286.772,1
304,vignesh,kalyani,D,286.678,287.165,2
188,vignesh,sri,N,286.989,287.458,2
343,dharini,abhogi,S,287.492,287.828,1
324,ramakrishnamurthy,abhogi,D,288.129,288.474,3
192,vignesh,sahana,R,288.676,289.133,1
326,ramakrishnamurthy,abhogi,D,288.819,289.138,3
412,badrinarayanan,mohanam,G,289.567,289.934,2
346,sreevidya,saveri,P,290.862,291.206,1
306,dharini,mohanam,R,291.118,291.464,1
366,sreevidya,begada,D,292.542,292.848,3
355,dharini,abhogi,D,292.94,293.276,3
490,prasanna,saveri,N,294.023,294.335,3
263,prasanna,abhogi,D,294.869,295.234,3
343,ramakrishnamurthy,abhogi,S,295.12,295.477,1
314,dharini,mohanam,G,295.278,295.602,1
494,prasanna,saveri,N,295.511,295.799,3
354,badrinarayanan,sri,M,296.102,296.497,3
268,prasanna,begada,N,296.184,296.518,1
454,sreevidya,sahana,S,296.209,296.508,2
203,vignesh,sri,R,296.573,297.062,3
369,badrinarayanan,kalyani,D,297.588,297.935,1
326,vignesh,kalyani,M,297.694,298.158,2
186,ramakrishnamurthy,kalyani,N,299.391,299.704,3
330,vignesh,kalyani,D,299.459,300.393,2
335,dharini,sahana,D,299.504,299.842,3
375,badrinarayanan,kalyani,M,300.181,300.539,2
209,vignesh,sri,N,300.862,301.313,1
314,ramakrishnamurthy,sri,R,301.125,301.449,3
236,prasanna,mohanam,G,301.519,301.859,3
379,badrinarayanan,kalyani,D,301.648,302.046,1
317,ramakrishnamurthy,sri,S,302.081,302.388,3
222,vignesh,sahana,D,302.479,302.936,3
240,prasanna,mohanam,P,302.879,303.219,1
241,prasanna,mohanam,G,303.219,303.559,3
365,ramakrishnamurthy,abhogi,D,304.385,304.727,3
228,vignesh,sahana,P,305.222,305.679,1
246,prasanna,mohanam,D,305.933,306.272,2
373,dharini,abhogi,D,305.968,306.31,3
358,sreevidya,saveri,S,306.053,306.378,3
247,prasanna,mohanam,P,306.272,306.948,3
222,vignesh,sri,S,306.728,308.06,2
363,sreevidya,saveri,S,307.735,308.122,3
379,dharini,abhogi,G,308.264,308.568,2
252,prasanna,mohanam,G,308.301,308.639,3
321,dharini,mohanam,G,308.686,309.038,1
366,sreevidya,saveri,S,308.833,309.158,3
254,prasanna,mohanam,G,308.977,309.315,1
210,ramakrishnamurthy,kalyani,M,309.149,309.466,2
325,dharini,mohanam,P,310.106,310.428,1
370,sreevidya,saveri,S,310.221,310.553,3
275,ramakrishnamurthy,mohanam,G,312.38,312.705,3
386,ramakrishnamurthy,abhogi,D,312.628,312.961,3
276,ramakrishnamurthy,mohanam,R,312.705,313.029,3
223,ramakrishnamurthy,kalyani,N,313.417,313.723,3
275,prasanna,abhogi,D,313.442,313.75,3
333,dharini,mohanam,G,314.19,314.526,3
269,prasanna,mohanam,G,314.305,314.636,3
287,prasanna,begada,P,314.307,314.637,1
334,dharini,mohanam,G,314.526,314.86,1
384,sreevidya,saveri,N,315.132,315.496,3
230,ramakrishnamurthy,kalyani,D,315.909,316.232,1
339,dharini,mohanam,G,316.178,316.506,1
388,sreevidya,saveri,N,316.581,316.96,3
341,dharini,mohanam,S,316.834,317.206,1
212,ramakrishnamurthy,saveri,R,317.866,318.204,2
326,prasanna,kalyani,G,317.885,318.213,3
213,ramakrishnamurthy,saveri,S,318.204,318.571,3
280,prasanna,mohanam,P,319.459,319.778,1
217,ramakrishnamurthy,saveri,S,320.056,320.368,3
282,prasanna,mohanam,D,320.097,320.416,2
391,sreevidya,begada,P,321.178,321.543,2
354,dharini,mohanam,G,321.692,322.018,1
407,sreevidya,saveri,N,323.164,323.528,3
302,prasanna,abhogi,D,323.488,323.788,3
430,dharini,saveri,N,324.354,324.674,3
432,dharini,saveri,P,324.994,325.304,3
228,vignesh,sri,R,325.963,326.419,3
94,ramakrishnamurthy,sahana,S,326.119,326.471,2
441,dharini,saveri,R,328.472,328.792,2
519,prasanna,saveri,P,329.551,329.87,1
304,prasanna,mohanam,P,329.607,329.926,3
305,prasanna,mohanam,G,329.926,330.245,3
233,ramakrishnamurthy,saveri,S,330.42,330.779,3
235,vignesh,sri,N,331.021,331.484,2
359,dharini,sahana,R,332.248,332.578,3
528,prasanna,saveri,S,332.742,333.061,3
362,dharini,sahana,P,333.288,333.624,1
337,vignesh,kalyani,D,334.729,335.269,1
338,vignesh,kalyani,S,335.269,335.782,2
251,ramakrishnamurthy,saveri,N,336.312,336.631,3
342,vignesh,kalyani,M,337.136,337.562,2
397,dharini,mohanam,G,337.502,337.826,1
396,ramakrishnamurthy,abhogi,D,338.267,338.612,3
399,ramakrishnamurthy,abhogi,D,340.273,340.588,1
291,prasanna,begada,P,340.844,341.167,1
413,sreevidya,begada,G,341.002,341.305,3
239,ramakrishnamurthy,kalyani,D,343.46,343.74,1
482,badrinarayanan,saveri,G,344.14,344.534,2
351,vignesh,kalyani,D,344.215,344.704,2
359,ramakrishnamurthy,sri,R,344.444,344.782,3
353,vignesh,kalyani,D,345.166,345.627,1
245,ramakrishnamurthy,kalyani,G,345.304,345.577,3
429,sreevidya,begada,P,346.336,346.641,1
258,vignesh,sri,S,346.35,346.807,3
366,ramakrishnamurthy,sri,M,346.967,347.254,3
367,ramakrishnamurthy,sri,R,347.254,347.602,3
368,ramakrishnamurthy,sri,S,347.602,347.949,1
242,vignesh,sahana,R,347.812,348.287,3
314,prasanna,mohanam,G,348.48,348.812,3
435,sreevidya,begada,P,348.936,349.253,1
317,prasanna,begada,N,349.284,349.611,1
423,sreevidya,saveri,S,350.513,350.86,3
380,ramakrishnamurthy,sri,S,352.153,352.479,2
363,vignesh,kalyani,D,352.258,352.766,2
331,prasanna,begada,D,353.772,354.09,3
449,sreevidya,begada,S,354.437,354.737,3
347,prasanna,begada,G,358.794,359.105,3
461,sreevidya,begada,P,359.559,359.865,1
441,sreevidya,saveri,N,359.592,359.93,3
286,vignesh,sri,R,360.809,361.266,3
406,dharini,mohanam,G,361.536,361.868,3
376,vignesh,kalyani,D,361.587,362.056,2
289,vignesh,sri,S,362.18,362.637,3
410,dharini,mohanam,P,362.882,363.19,1
379,vignesh,kalyani,D,363.514,364.009,2
342,ramakrishnamurthy,mohanam,P,364.834,365.167,3
345,ramakrishnamurthy,mohanam,G,365.769,366.112,3
346,ramakrishnamurthy,mohanam,R,366.112,366.455,3
421,dharini,mohanam,P,367.948,368.272,3
419,badrinarayanan,kalyani,M,368.399,368.788,2
424,dharini,mohanam,G,368.968,369.314,1
388,vignesh,kalyani,D,369.006,369.477,1
274,ramakrishnamurthy,saveri,S,370.256,370.604,3
542,dharini,saveri,N,371.116,371.458,3
278,ramakrishnamurthy,saveri,S,372.244,372.552,3
394,vignesh,kalyani,M,372.335,372.807,2
425,badrinarayanan,kalyani,D,372.815,373.19,1
290,vignesh,sahana,G,373.503,373.928,3
479,sreevidya,saveri,N,374.672,375.013,3
430,badrinarayanan,kalyani,D,374.694,375.056,1
397,dharini,sahana,R,375.062,375.418,3
296,vignesh,sahana,R,376.055,376.906,1
484,sreevidya,saveri,N,376.385,376.734,3
399,ramakrishnamurthy,sri,S,380.972,381.294,3
313,vignesh,sahana,P,385.193,385.632,2
411,ramakrishnamurthy,sri,P,385.94,386.255,1
316,vignesh,sahana,R,386.946,387.384,1
288,vignesh,begada,P,387.881,388.796,3
514,sreevidya,saveri,N,388.612,388.948,3
367,prasanna,begada,G,389.654,389.98,3
518,sreevidya,saveri,N,390.343,390.679,3
324,vignesh,sahana,S,390.449,390.887,2
371,prasanna,begada,P,390.96,391.927,1
382,prasanna,begada,M,395.154,395.476,1
534,sreevidya,saveri,N,396.053,396.375,3
297,vignesh,sri,R,398.706,399.15,3
446,ramakrishnamurthy,sri,R,399.371,399.704,3
339,vignesh,sahana,R,404.461,404.899,1
304,ramakrishnamurthy,saveri,N,406.905,407.213,3
557,dharini,saveri,N,407.52,407.836,3
308,ramakrishnamurthy,saveri,N,408.502,408.798,3
561,dharini,saveri,G,408.788,409.114,3
317,vignesh,sri,R,409.934,410.384,3
567,dharini,saveri,S,411.466,411.814,1
409,prasanna,begada,D,412.393,412.719,2
410,prasanna,begada,P,412.719,413.046,3
319,ramakrishnamurthy,saveri,N,414.16,414.463,3
430,prasanna,begada,P,420.651,420.985,1
339,vignesh,sri,R,421.272,421.729,3
570,badrinarayanan,saveri,S,421.324,421.735,3
360,vignesh,sri,S,432.164,432.628,2
555,sreevidya,saveri,S,433.643,433.923,3
365,vignesh,sri,M,434.945,435.409,3
366,vignesh,sri,R,435.409,435.872,3
559,sreevidya,saveri,S,435.481,435.794,3
562,sreevidya,saveri,P,436.399,437.019,1
457,dharini,sahana,P,440.51,440.824,3
461,dharini,sahana,R,441.814,442.148,3
335,vignesh,begada,P,451.734,452.166,1
333,ramakrishnamurthy,saveri,G,452.691,453.025,3
335,ramakrishnamurthy,saveri,S,453.358,453.69,3
339,ramakrishnamurthy,saveri,S,455.338,455.668,3
496,ramakrishnamurthy,sri,M,461.428,462.051,3
497,ramakrishnamurthy,sri,R,462.051,462.33,3
366,vignesh,begada,N,472.219,472.701,1
369,vignesh,begada,S,473.664,474.127,3
370,vignesh,sri,N,475.58,476.019,2
380,vignesh,begada,D,478.754,479.216,1
396,vignesh,begada,G,486.092,486.549,3
413,vignesh,sri,R,498.131,498.597,3
416,vignesh,sri,S,499.994,500.46,3
422,vignesh,sri,N,503.609,504.046,2
429,vignesh,sri,R,506.673,507.111,3
460,vignesh,begada,S,561.744,562.188,3
464,vignesh,begada,G,563.964,564.408,3
466,vignesh,begada,P,564.852,565.296,1
474,vignesh,begada,P,568.872,569.341,1
486,vignesh,sri,R,583.223,583.657,3
503,vignesh,begada,N,584.283,584.739,3
